,SetName,Pieces,USRetailPrice,Availability
0,101 Dalmatians Puppy,1722,149.99,Retail
1,12 Grimmauld Place,1083,119.99,Retail
2,123 Sesame Street,1367,119.99,Retail - limited
3,1950s Diner,1379,129.99,Retail - limited
4,1968 Ford Mustang Fastback,183,14.99,Retail
5,1974 Porsche 911 Turbo 3.0,180,14.99,Retail
6,2 Fast 2 Furious Nissan Skyline GT-R (R34) Car,1410,139.99,Retail
7,2022 Ford GT,1466,119.99,Retail
8,24 Hours Race Car,1219,129.99,Retail
9,3in1 Family House,218,129.99,Retail
10,458 Italia GT2,153,14.99,Retail
11,4x4 Off-Roader,1102,119.99,Retail
12,A Fairy Tale,15,12.99,Retail
13,A-wing Fighter,125,15,Retail
14,AT-AT,1064,100,Retail
15,AT-AT,1137,109.99,Retail
16,AT-AT Walker,815,109.99,Retail
17,AT-TE Walker,1082,139.99,Retail
18,Action Wheeler,79,10,Retail
19,Advent Calendar,231,15,Retail - limited
20,Advent Calendar,344,15,Retail - limited
21,Advent Calendar,335,15,Retail - limited
22,Adventure Camp Archery Range,157,14.99,Retail
23,Adventure Camp Tree House,1128,129.99,Retail
24,Agent Mater's Escape,144,14.99,Retail
25,Air Chase,85,10,Retail
26,Air Mail,88,14.99,Retail
27,Airport Fire Truck,148,14.99,Retail
28,All-in-One Gift Set,30,14.99,Retail
29,Alpha Team Helicopter,79,10,Retail
30,Alpha Team Navigator and ROV,111,10,Retail
31,Ambulance,14,14.99,Retail - limited
32,Ambush Attack,80,11.99,Retail
33,Ambush In Cairo,79,10.99,Retail
34,Amusement Park,95,109.99,Retail
35,Amusement Park Arcade,174,14.99,Retail
36,Anakin's Podracer,136,15,Retail
37,Animal Adventures Bucket,209,10,Retail
38,Animal Picture Holders,423,14.99,Retail
39,Animal Play Pack,486,14.97,Retail - limited
40,Animals,202,10,Retail
41,Anna & Olaf,201,14.99,Retail
42,Antique Fire Engine,1278,149.99,Retail - limited
43,App-Controlled Top Gear Rally Car,463,129.99,Retail
44,App-Controlled Transformation Vehicle,772,149.99,Retail
45,Aquaman Fun Pack,43,14.99,Retail
46,Aragog's Lair,157,14.99,Retail
47,Arctic Expedition,121,15,Retail
48,Arctic Explorer Snowmobile,70,10.99,Retail
49,Arctic Ice Crawler,113,14.99,Retail
50,Arctic Icebreaker,717,129.99,Retail - limited
51,Arctic Mobile Exploration Base,786,119.99,Retail
52,Arctic Truck,1057,119.99,Retail
53,Ariel's Amazing Treasures,77,12.99,Retail
54,Ariel's Dolphin Carriage,70,14.99,Retail
55,Ariel's Magical Boat Ride,30,14.99,Retail
56,Ariel's Music Stage,60,15.99,Retail
57,Arin's Battle Mech,104,15.99,Retail
58,Arkham Asylum,1628,149.99,Retail - limited
59,Army Men on Patrol,90,10.99,Retail
60,Art Project - Create Together,4138,119.99,Retail
61,Audi R18 e-tron quattro,166,14.99,Retail
62,Audi R8 LMS ultra,175,14.99,Retail
63,Autumn's Baby Cow Shed,79,10.99,Retail
64,Avengers Helicarrier,1244,119.99,Retail
65,Avengers: Age of Ultron Quinjet,1131,129.99,Retail
66,B.A. Baracus Fun Pack,73,11.99,Retail
67,BREEZ,55,12.99,Retail
68,BREEZ Flea Machine,102,14.99,Retail
69,BRUIZER,62,12.99,Retail
70,BULK,61,12.99,Retail
71,BULK Drill Machine,113,14.99,Retail
72,Back-Hoe,704,100,Retail
73,Backhoe Loader,19,14.99,Retail
74,Bad,72,12.99,Retail
75,Bad Cop Fun Pack,62,14.99,Retail
76,Bakey with Cakey Fun,58,10.99,Retail
77,Banana Bash,124,12.99,Retail
78,Bane Fun Pack,52,11.99,Retail
79,Bart Simpson Fun Pack,34,14.99,Retail
80,Basic Bricks,280,12.99,Retail
81,Bat Strike,101,12.99,Retail
82,Batman,40,14.99,Retail
83,Batman & Selina Kyle Motorcycle Pursuit,149,14.99,Retail
84,Batman Mech Armor,140,14.99,Retail
85,Batman vs. Mr. Freeze,63,14.99,Retail
86,Batman: The Classic TV Series Batmobile,1822,149.99,Retail
87,Batman: The Penguin Face off,136,12.99,Retail
88,Battle Droid Carrier,133,10,Retail
89,Battle Droid with STAP,1088,139.99,Retail
90,Battle for Ninjago City,1223,119.99,Retail
91,Battle on Saleucami,183,14.99,Retail
92,Beach Amusement Park,1348,119.99,Retail
93,Beach Buggy Fun,61,10.99,Retail
94,Beach Lookout,87,13,Retail
95,Bedroom,16,14.99,Retail
96,Beetlejuice Fun Pack,56,14.99,Retail
97,Bell-Boeing V-22 Osprey,1636,149.99,Retail
98,Belle's Story Time,87,14.99,Retail
99,Belle's Storytime Horse Carriage,62,15.99,Retail
100,Benny Fun Pack,46,14.99,Retail
101,Big Chill,20,14.99,Retail
102,Big Interactive Community Train,103,139.99,Retail
103,BigFig Creeper and Ocelot,184,14.99,Retail
104,BigFig Pig with Baby Zombie,159,14.99,Retail
105,Birthday Party Cake,219,14.99,Retail - limited
106,Black Widow & Captain America Motorcycles,130,15.99,Retail
107,Blaster,88,15,Retail
108,Blaze Attack,143,15,Retail
109,Blaze Responder,45,13,Retail
110,Block-o-dile,26,14.99,Retail - limited
111,Blue Roadster,152,14.99,Retail
112,Blue Sprinter,110,12.99,Retail
113,"Bob, Lofty and the Mice",18,15,Retail
114,Boba Fett Mech,155,15.99,Retail
115,Boulder Bowling,93,14.99,Retail
116,Bounty Hunter Speeder Bike Battle Pack,125,14.99,Retail
117,Brachiosaurus,25,10,Retail
118,Braptor's Wing Striker,146,14.99,Retail
119,Brick Box Green,31,14.99,Retail
120,Bruni the Salamander Buildable Character,96,12.99,Retail
121,Bugatti Chiron,181,14.99,Retail
122,Buggy,117,12.99,Retail
123,Build Your Own Harbour,252,14.99,Retail
124,Build and Create Bucket,600,15,Retail - limited
125,Build with Bricks Bucket,500,10,Retail
126,Bumblebee Helicopter,142,14.99,Retail
127,Busy Farm,15,12.99,Retail
128,Buttercup Fun Pack,56,14.99,Retail
129,Buzz Saw,64,10,Retail
130,C-3PO,1138,139.99,Retail
131,CHI Cragger,65,14.99,Retail
132,CHI Cragger,58,14.99,Retail
133,CHI Eris,67,14.99,Retail
134,CHI Gorzan,59,14.99,Retail
135,CHI Laval,55,14.99,Retail
136,CHI Laval,49,14.99,Retail
137,CHI Mungus,64,14.99,Retail
138,CHI Panthar,59,14.99,Retail
139,CHI Razar,68,14.99,Retail
140,CHI Vardy,68,14.99,Retail
141,CHI Waterfall,106,14.99,Retail
142,CHI Worriz,55,14.99,Retail
143,CORE HUNTER,51,12.99,Retail
144,CRYSTAL Beast vs. BULK,83,14.99,Retail
145,Caboose,170,15,Retail - limited
146,Candy Kitty Bracelet & Bag Tag,188,14.99,Retail
147,Capital City,1211,149.99,Retail - limited
148,Captain America,44,14.99,Retail
149,Captain America's Avenging Cycle,72,12.99,Retail
150,Captain Rex Y-wing Microfighter,99,12.99,Retail
151,Captain Rex's AT-TE,972,119.99,Retail
152,Captain Toad's Camp,159,14.99,Retail
153,Captain's Cabin,95,11.99,Retail
154,Cargo Plane,1297,139.99,Retail
155,Cargo Train,544,139.99,Retail
156,Cargo Train,105,129.99,Retail
157,Cargo Train Deluxe,856,149.99,Retail
158,Carnage's SHIELD Sky Attack,97,12.99,Retail
159,Cat Playground Adventure,87,10.99,Retail
160,Catwoman Catcycle City Chase,89,12.99,Retail
161,Cavalry Builder Set,69,12.99,Retail
162,Caveman,6,1.99,Retail
163,Celestial Pagoda,1621,149.99,Retail
164,Cement Mixer,213,14.99,Retail
165,Chase McCain Fun Pack,46,14.99,Retail
166,Cheerleader,7,1.99,Retail
167,Cherry Blossoms,438,14.99,Retail
168,Cherry Picker,155,12.99,Retail
169,Chevrolet Camaro ZL1 Race Car,198,14.99,Retail
170,Chevrolet Corvette Z06,173,14.99,Retail
171,Chopper Jump,141,14.99,Retail
172,ChromaStone,21,14.99,Retail
173,Circus Clown,6,1.99,Retail
174,Circus Show,25,14.99,Retail
175,City Garage,933,119.99,Retail - limited
176,Clash of the Heroes,92,12.99,Retail
177,Clone Scout Walker,108,10,Retail
178,Clone Trooper Battle Pack,85,12.99,Retail
179,Clone Troopers vs. Droidekas,124,12.99,Retail
180,Clone Turbo Tank,903,109.99,Retail
181,Clubhouse Cafe,16,12.99,Retail
182,Coast Guard Headquarters,792,119.99,Retail
183,Cockatiel,219,14.99,Retail
184,Cole - Dragon Master,92,14.99,Retail
185,Concrete Mixer Truck,1163,119.99,Retail
186,Conkdor's Noggin Bopper,130,14.99,Retail
187,Construction,160,14.99,Retail
188,Cool Cars,206,12.99,Retail
189,Cool Movers,215,13,Retail
190,Corroder,40,12.99,Retail
191,Coruscant Guard Gunship,1083,139.99,Retail
192,Cowboy,8,1.99,Retail
193,Crafting with Baby Box,60,14.99,Retail
194,Cragger Fun Pack,45,14.99,Retail
195,Crane Truck,1877,149.99,Retail
196,Crawley's Claw Ripper,139,14.99,Retail
197,Creative Animals,25,14.99,Retail
198,Creative Ice Cream,24,14.99,Retail
199,Creator Bucket,500,10,Retail
200,Creator Bucket,500,10,Retail
201,Croc Chomp,105,14.99,Retail
202,Curves & Crossroad,2,14.99,Retail
203,Cyberman Fun Pack,40,14.99,Retail
204,Cyborg Fun Pack,50,14.99,Retail
205,Daffodils,216,14.99,Retail
206,Daffodils,216,14.99,Retail
207,Dark Side Developer Kit,578,100,Retail
208,Darth Vader Mech,139,15.99,Retail
209,Darth Vader's Castle,1060,129.99,Retail
210,Deep Sea Creatures,230,14.99,Retail
211,Deep Sea Diver,9,1.99,Retail
212,Deep Sea Exploration Vessel,717,119.99,Retail
213,Deep-Sea Explorer Submarine,842,109.99,Retail
214,Deluxe Train Set,134,109.99,Retail
215,Demolition Dummy,6,1.99,Retail
216,Desert Attack,57,10.99,Retail
217,Desert Challenge,144,14.99,Retail
218,Destiny's Bounty,1781,129.99,Retail
219,Diagon Alley Shops,80,10,Retail
220,Diddy Kong's Mine Cart Ride,1157,109.99,Retail
221,Dieselnaut,1179,109.99,Retail
222,Dino Explorer,88,14.99,Retail
223,Dino Head Attack,94,10,Retail
224,Dirt Crusher RC,88,140,Retail
225,Disco Dude,6,1.99,Retail
226,Disney's Mickey Mouse,2658,119.99,Retail
227,Display Team Jet,113,12.99,Retail
228,Doc Brown Fun Pack,69,14.99,Retail
229,Dom's Dodge Charger,1077,119.99,Retail - limited
230,Double-Decker Couch,197,14.99,Retail
231,Dragon Dueler,94,12.99,Retail
232,Dragon Pit,1660,129.99,Retail
233,Dragon Stone Shrine,1212,119.99,Retail
234,Draida Bay,101,14.99,Retail
235,Drilldozer,61,12.99,Retail
236,Droid Tri-Fighter,148,15,Retail
237,Dry Bowser Castle Battle,1321,109.99,Retail
238,Dump Truck,177,12.99,Retail
239,Dune Buggy,147,12.99,Retail
240,Dune Hopper,137,12.99,Retail
241,Durrr Burger,193,14.99,Retail
242,Dusty and Chug,16,14.99,Retail
243,E.T. Fun Pack,42,11.99,Retail
244,EVE & WALL-E,155,14.99,Retail
245,Ekimu the Mask Maker,94,14.99,Retail
246,Electric Car and Charger,170,15.99,Retail
247,ElectroMech,153,14.99,Retail
248,Elemental Dragon vs. The Empress Mech,1038,129.99,Retail
249,Elite Clone Trooper & Commando Droid Battle Pack,98,12.99,Retail
250,Elite Praetorian Guard Battle Pack,109,14.99,Retail
251,Elsa and the Nokk's Ice Stable,53,14.99,Retail
252,Elsa's Frozen Treats,82,15.99,Retail
253,Elvis Presley  'The King',3445,119.99,Retail
254,Emily Jones & the Eagle Getaway,149,14.99,Retail
255,Emirates Team New Zealand AC75 Yacht,962,119.99,Retail
256,Emma's Deluxe Bedroom,183,14.99,Retail
257,Emma's Sports Car,159,14.99,Retail
258,Emmet,113,14.99,Retail - limited
259,Emmet Fun Pack,55,14.99,Retail
260,Emmet's Thricycle!,174,14.99,Retail
261,Empire State Building,1767,129.99,Retail - limited
262,Endor Rebel Trooper & Imperial Trooper Battle Pack,77,12.99,Retail
263,Enzo Ferrari 1:10,1360,100,Retail
264,Epic Dragon Battle,915,119.99,Retail
265,Eris Fun Pack,59,14.99,Retail
266,Ewok Attack,121,13,Retail
267,Excalibur Batman Fun Pack,57,14.99,Retail
268,Exo Force Bike,101,10,Retail
269,Exo Raider,94,10,Retail
270,Exo Stealth,81,10,Retail
271,Explorer,8,1.99,Retail
272,Extreme Power Bike,98,10,Retail
273,Extreme Wheelie,87,12.99,Retail
274,F1 Driver with McLaren Race Car,86,12.99,Retail
275,FLYER Beast vs. BREEZ,91,14.99,Retail
276,FROST BEAST,60,12.99,Retail
277,FURNO,56,12.99,Retail
278,FURNO Jet Machine,79,14.99,Retail
279,Family Holiday Beach Resort,1140,129.99,Retail
280,Family Reunion Celebration,1823,129.99,Retail
281,Fangz,55,12.99,Retail
282,Fans' Grandstand with Scoreboard,81,15,Retail
283,Fantastic Flyers and Cool Cars,257,15,Retail
284,Fantastical Tree House,1257,109.99,Retail
285,Fantasy Forest Creatures,175,14.99,Retail
286,Farm Brick Box,232,14.99,Retail
287,Farran and the Crystal Hollow,175,14.99,Retail
288,Fast,69,12.99,Retail
289,Fender Stratocaster,1074,119.99,Retail - limited
290,Ferrari 488 GT3 Scuderia Corsa,179,14.99,Retail
291,Ferrari 599 GTB Fiorano 1:10,1327,109.99,Retail
292,Ferrari F1 Racer,113,15,Retail
293,Ferrari F1 Racer 1:8,1246,139.99,Retail
294,Ferrari F1 Racers,139,14.99,Retail
295,Ferrari F40 Competizione,198,14.99,Retail
296,Field Expander,49,15,Retail
297,Fierce Creatures,193,12.99,Retail
298,Fierce Flyer,166,14.99,Retail
299,Final Flight of Destiny's Bounty,1253,119.99,Retail
300,Fire Attack,24,1.95,Retail
301,Fire Boat,19,14.99,Retail
302,Fire Chief Car,80,11.99,Retail
303,Fire Crusher,65,10,Retail
304,Fire Spinner 360,113,10,Retail
305,Fire Temple,1174,119.99,Retail
306,First Aid Jungle Bike,156,14.99,Retail
307,First Order Battle Pack,88,12.99,Retail
308,First Order Heavy Assault Walker,1376,149.99,Retail
309,First Order Specialists Battle Pack,108,14.99,Retail
310,First Order Transport Speeder Battle Pack,117,14.99,Retail
311,Flaming Claws,78,12.99,Retail
312,Flash Speeder,106,10,Retail
313,Flower Arrangement,1161,109.99,Retail
314,Flying Ford Anglia,165,14.99,Retail
315,Flying Fox: Batmobile Airlift Attack,955,129.99,Retail
316,Flying Phoenix Fire Temple,1301,119.99,Retail
317,Ford Fiesta M-Sport WRC,203,14.99,Retail
318,Ford Mustang GT,185,14.99,Retail
319,Forest Ambush,90,11.99,Retail
320,Forest Harvester,1003,149.99,Retail
321,Forestman,9,1.99,Retail
322,Formula Force,107,10,Retail
323,Freeing Dobby,73,10.99,Retail
324,Freekick Frenzy,54,10,Retail
325,Friendship Movie Night,154,14.99,Retail
326,Frodo & Gollum,184,14.99,Retail
327,Frog Rush,107,14.99,Retail
328,Front-End Loader,108,12.99,Retail
329,Frozen Spikes,81,12.99,Retail
330,Fuel Truck,112,15,Retail
331,Futuristic Flyer,157,14.99,Retail
332,Galactic Empire Battle Pack,109,12.99,Retail
333,Gali - Master of Water,87,14.99,Retail
334,Gali - Uniter of Water,87,14.99,Retail
335,Game Set,154,15,Retail
336,Gandalf Arrives,83,12.99,Retail
337,Geonosis Troopers,105,12.99,Retail
338,Getaway Glider,104,12.99,Retail
339,Giganotosaurus & Therizinosaurus Attack,810,139.99,Retail
340,Gimli Fun Pack,56,14.99,Retail
341,Ginger Tabby,269,14.99,Retail
342,Go-Kart,144,14.99,Retail
343,Golden Dragon Master,92,14.99,Retail
344,Golden Zane Accessory Set,73,12.99,Retail
345,Gollum Fun Pack,39,14.99,Retail
346,Goofy & Pluto,214,14.99,Retail - limited
347,Goombas' Playground,173,14.99,Retail
348,Grand Prix Racer,1141,129.99,Retail
349,Grand Titan,196,15,Retail
350,Granite Grinder,109,15,Retail
351,Green Lantern,38,14.99,Retail
352,Groot & Rocket,189,14.99,Retail
353,Grow Caterpillar Grow!,17,12.99,Retail
354,Gryffindor,68,10,Retail
355,Guarded Treasure,103,15,Retail
356,Guardian of the Deep,144,14.99,Retail
357,Gungan Patrol,77,10,Retail
358,H.O.T. Blaster Bike,88,10,Retail
359,Hamster,243,14.99,Retail
360,Handy Box,800,15,Retail
361,Harold the Helicopter,7,10,Retail
362,Harry Potter & Hedwig,180,14.99,Retail
363,Harry Potter & Hermione Granger,1673,119.99,Retail - limited
364,Harry Potter Hogwarts Crests,4249,119.99,Retail
365,Harry and the Marauder's Map,109,10,Retail
366,Heartlake City Amusement Pier,1251,129.99,Retail
367,Heartlake City Community Centre,1513,139.99,Retail
368,Heartlake City Hospital,1045,109.99,Retail
369,Heartlake City Pizzeria,144,14.99,Retail
370,Heartlake City Shopping Mall,1237,119.99,Retail
371,Heartlake Grand Hotel,1552,129.99,Retail
372,Heartlake Shopping Mall,1120,109.99,Retail
373,Heavy Lift Helicopter,1042,139.99,Retail
374,Heavy-Duty Bulldozer,195,12.99,Retail
375,Helicopter,88,10,Retail
376,Helicopter,1056,119.99,Retail
377,Hermione Granger Fun Pack,64,14.99,Retail
378,Hero,68,12.99,Retail
379,Heroic Heroes of the Deep,95,14.99,Retail
380,High Flyers,197,10,Retail
381,High-speed Passenger Train,610,149.99,Retail
382,Highway Chaos,142,14.99,Retail
383,Highway Cruiser,129,12.99,Retail
384,Hogwarts Accessories Pack,234,14.99,Retail
385,Hogwarts Castle,1290,129.99,Retail
386,Hogwarts Chamber of Secrets,1176,149.99,Retail
387,Hogwarts Classrooms,73,10,Retail
388,Hogwarts Express & Hogsmeade Station,1074,129.99,Retail
389,Holiday Calendar,231,15,Retail - limited
390,Holiday Copack,1129,109.99,Retail - limited
391,Home One Mon Calamari Star Cruiser,789,109.99,Retail
392,Hook Loader,176,14.99,Retail
393,Horses,20,14.99,Retail
394,Hospital,816,119.99,Retail
395,Hot Buster,67,10,Retail
396,Hot Scorcher,57,10,Retail
397,Hover Hunter,79,11.99,Retail
398,Hulk Mech Armor,138,14.99,Retail
399,Humungousaur,14,14.99,Retail
400,Hydro Bounty,1159,139.99,Retail
401,Ice Blade,108,10,Retail
402,Ice Cream Truck,11,14.99,Retail
403,Ice Rally,170,14.99,Retail
404,Ice Tower,101,14.99,Retail
405,Imperial AT-ST,107,10,Retail
406,Imperial Assault Carrier,1216,129.99,Retail
407,Imperial Patrol Battle Pack,99,14.99,Retail
408,Imperial Star Destroyer,1359,129.99,Retail
409,Imperial Troop Transport,141,12.99,Retail
410,Imperial Trooper Battle Pack,112,14.99,Retail
411,Indominus Rex Breakout,1156,129.99,Retail
412,Indoraptor Rampage at Lockwood Estate,1019,129.99,Retail
413,Inferno Pit,78,12.99,Retail
414,Inferno Squad Battle Pack,118,14.99,Retail
415,Ink Koi Skin,33,14.99,Retail - limited
416,International Space Station,162,15,Retail - limited
417,Iron Man,44,14.99,Retail
418,Iron Man Mech vs. Ultron,101,14.99,Retail
419,Iron Man vs. Loki,66,12.99,Retail
420,Iron Man vs. The Mandarin: Ultimate Showdown,91,12.99,Retail
421,Iron Man vs. Ultron,90,12.99,Retail
422,Iron Man with Bike and The Hulk,68,14.99,Retail
423,Izzie's Narwhal Hot-Air Balloon,156,15.99,Retail
424,Jabba's Palace,717,119.99,Retail
425,Jake's Treasure Hunt,22,14.99,Retail
426,Jay - Dragon Master,92,14.99,Retail
427,Jay Fun Pack,48,14.99,Retail
428,Jedi Duel,82,10,Retail
429,Jedi and Clone Troopers Battle Pack,102,14.99,Retail
430,Jestro's Volcano Lair,1186,119.99,Retail
431,Jet Ray,16,14.99,Retail
432,Jetbug,63,12.99,Retail
433,Jim Lee Batman Collection,4167,119.99,Retail
434,Jokerland,1037,119.99,Retail
435,Julian's Birthday Party,170,14.99,Retail
436,Jump Master,105,10,Retail
437,Jungle Air Drop Helicopter,1250,149.99,Retail - limited
438,Jungle Crasher,76,10,Retail
439,Jungle Exploration Site,813,119.99,Retail
440,Jungle Explorer ATV Red Panda Mission,92,10.99,Retail
441,Jungle Gates,81,14.99,Retail
442,Jungle Monster,116,15,Retail
443,Kai - Dragon Master,92,14.99,Retail
444,Kai's Blade Cycle,188,14.99,Retail
445,Kai's Dragon Power Spinjitzu Flip,72,10.99,Retail
446,Karai Bike Escape,88,12.99,Retail
447,Karate Master,7,1.99,Retail
448,Kashyyyk Troopers,99,12.99,Retail
449,Keith Haring - Dancing Figures,1773,119.99,Retail
450,Klombo,1084,109.99,Retail
451,Knight Rider Fun Pack,55,14.99,Retail
452,Knighton Castle,1426,129.99,Retail
453,Kraang Lab Escape,90,12.99,Retail
454,Krusty Fun Pack,38,14.99,Retail
455,Kylo Ren's Command Shuttle,1005,119.99,Retail
456,Kylo Ren's Shuttle,1005,129.99,Retail
457,LEGO City Advent Calendar,203,15,Retail - limited
458,LEGO Classic House Building,233,14.99,Retail
459,LEGO Harry Potter: Wizarding Duels: Potter vs Malfoy,11,14.99,Retail
460,LEGO Technic Guys,5,11,Retail
461,LaFerrari,164,14.99,Retail
462,Land Bounty,1178,129.99,Retail
463,Large Bucket,70,10,Retail
464,Lashina Tank,145,14.99,Retail
465,Lava Beast,114,14.99,Retail
466,Lava Dragon,131,14.99,Retail
467,Laval Fun Pack,57,14.99,Retail
468,Legends of Chima Super Pack 2 in 1,1081,109.99,Retail - limited
469,Legolas Fun Pack,36,14.99,Retail
470,Let's Go! Vroom!,12,12.99,Retail
471,Lewa - Master of Jungle,85,14.99,Retail
472,Lewa - Uniter of Jungle,79,14.99,Retail
473,Life Guard,6,1.99,Retail
474,Lloyd Fun Pack,56,11.99,Retail
475,Lloyd's Dragon Power Spinjitzu Spin,56,10.99,Retail
476,Lloyd's Golden Ultra Dragon,989,149.99,Retail
477,Lloyd's Jet Mech,1112,109.99,Retail
478,Lloyd's Journey,81,14.99,Retail
479,Logging Truck,1308,139.99,Retail
480,Lord of Skull Spiders,145,14.99,Retail
481,Luke Skywalker & Yoda,215,14.99,Retail
482,Luke Skywalker X-wing Mech,195,15.99,Retail
483,Lunar Research Base,786,129.99,Retail
484,Macy's Bot Drop Dragon,153,14.99,Retail - limited
485,Magician,6,1.99,Retail
486,Magma Monster,95,14.99,Retail
487,Main Street,1459,139.99,Retail
488,Malfoy Manor,1601,149.99,Retail
489,Mandalorian Battle Pack,68,12.99,Retail
490,Mandalorian Battle Pack,102,14.99,Retail
491,Marceline the Vampire Queen Fun Pack,60,11.99,Retail - limited
492,Mariachi,9,1.99,Retail
493,Mars Crew Exploration Rover,1599,149.99,Retail
494,Mateo and Z-Blob the Knight Battle Mech,1333,129.99,Retail
495,Material Handler,835,149.99,Retail
496,Max Goes Flying,172,15,Retail
497,McLaren 720S,161,14.99,Retail
498,McLaren P1,168,14.99,Retail
499,McLaren Senna,219,14.99,Retail
500,Medieval Horse Knight Castle,1371,129.99,Retail
501,Meltdown,50,12.99,Retail
502,Melting Room,122,12.99,Retail
503,Mercedes-AMG GT3,196,14.99,Retail
504,Mia's Forest Adventure,134,14.99,Retail
505,Mia's Roadster,187,14.99,Retail
506,Mickey Racer,15,14.99,Retail
507,Mickey's Fire Engine,26,10,Retail
508,Micro Wheels,215,10,Retail
509,Mighty Dinosaurs,174,14.99,Retail
510,Millennium Falcon,663,100,Retail
511,Millennium Falcon,985,100,Retail
512,Millennium Falcon,1254,139.99,Retail
513,Millennium Falcon,1329,149.99,Retail
514,Mime,7,1.99,Retail
515,Minecraft Alex BigFig with Chicken,160,14.99,Retail
516,Minecraft Skeleton BigFig with Magma Cube,142,14.99,Retail
517,Minecraft Steve BigFig with Parrot,159,14.99,Retail
518,Mini CLAAS XERION,130,12.99,Retail
519,Mini Container Truck,119,10.99,Retail
520,Mini Robots,229,10,Retail
521,Mini Telehandler,117,10.99,Retail
522,Mini Tow Truck,136,11.99,Retail
523,Mini Tractor,121,10,Retail
524,Mining 4x4,102,11.99,Retail
525,Mobile Bakery Food Cart,125,10.99,Retail
526,Mobile Construction Crane,1116,109.99,Retail
527,Mobile Crane,1884,150,Retail
528,Modular Space Station,1097,109.99,Retail
529,Monkie Kid's Galactic Explorer,1356,129.99,Retail
530,Monkie Kid's Team Hideout,1582,139.99,Retail - limited
531,Monkie Kid's Team Van,1406,129.99,Retail
532,Monster 4,141,14.99,Retail
533,Monster Jumper,91,12.99,Retail
534,Monster Truck,163,14.99,Retail
535,Monster Truck,148,15.99,Retail
536,Mosasaurus,26,10,Retail
537,Motion Madness,243,14.99,Retail
538,Motorcycle,163,12.99,Retail
539,Motorized Bulldozer,1384,149.99,Retail
540,Mulan's Training Day,104,14.99,Retail
541,Mummy Museum Mystery,110,14.99,Retail
542,Muscle Slammer Bike,126,10,Retail
543,My First Balancing Animals,15,14.99,Retail
544,My First Bus,17,14.99,Retail
545,My First Garden,38,12.99,Retail
546,My First LEGO Set,231,14.99,Retail
547,My First LEGO Set,148,14.99,Retail
548,My First Tractor,12,14.99,Retail
549,Mythical Creatures,223,14.99,Retail
550,NASA Apollo Saturn V,1969,119.99,Retail - limited
551,NASA Apollo Saturn V,1969,119.99,Retail - limited
552,NBA Basketball Teams,20,10,Retail
553,Naboo Swamp,82,10,Retail
554,Neon Tiger Bracelet & Bag Tag,188,14.99,Retail
555,Nest Dive,97,14.99,Retail
556,New Republic E-wing vs. Shin Hati's Starfighter,1056,109.99,Retail
557,Newbury Haunted High School,1474,129.99,Retail
558,Nezha's Ring of Fire Mech,1163,139.99,Retail
559,Night Racer,76,10,Retail
560,Nightmare Shark Ship,1389,139.99,Retail
561,Nightmare Shark Submarine,1413,149.99,Retail
562,Ninja,7,1.99,Retail
563,Nitro Pulverizer,60,10,Retail
564,Nitro Stunt Bike,92,10,Retail
565,Nitro Terminator,70,10,Retail
566,Nitroblast,57,12.99,Retail
567,Nurse,8,1.99,Retail
568,Nya Fun Pack,59,14.99,Retail
569,Nya's Dragon Power Spinjitzu Drift,57,10.99,Retail
570,Nya's Samurai X MECH,1003,119.99,Retail
571,OGRUM,59,12.99,Retail
572,Ocean Exploration Ship,745,149.99,Retail
573,Ocean Explorer,213,14.99,Retail
574,Ocean Explorer,1327,119.99,Retail
575,Off-Road Buggy,374,129.99,Retail
576,Off-Road Buggy,160,14.99,Retail
577,Off-Roader,1097,119.99,Retail
578,Ogel Mutant Killer Whale,57,10,Retail
579,Ogel Mutant Ray,68,10,Retail - limited
580,Ogel Mutant Squid,61,10,Retail
581,Olaf,122,14.99,Retail
582,Old Fishing Store,2049,149.99,Retail - limited
583,Olivia's Deluxe Bedroom,163,14.99,Retail
584,Olivia's Electric Car,183,14.99,Retail
585,Olivia's Exploration Car,185,14.99,Retail
586,One vs. One Action,39,10,Retail
587,Outrider Dropship Attack,124,14.99,Retail
588,PYROX,50,12.99,Retail
589,Pancake Shop,157,10.99,Retail
590,Park Animals,202,14.99,Retail
591,Passage of Jun-Chi,94,10,Retail
592,Passenger Airplane,913,119.99,Retail
593,Passenger Train,669,129.99,Retail
594,Patrol Car,97,11.99,Retail
595,Peach's Castle,1216,129.99,Retail
596,Peekaboo Jungle,13,12.99,Retail
597,Pencil Pot,187,12.99,Retail - limited
598,Percy at the Water Tower,15,10,Retail
599,Pet Shop,2032,149.99,Retail - limited
600,Phantom Crasher,85,10,Retail
601,Pharaoh,6,1.99,Retail
602,Piggy Car Escape,74,12.99,Retail
603,Pink Brick Box,30,14.99,Retail
604,Pink Brick Box,224,14.99,Retail
605,Pirate Plank,122,14.99,Retail
606,Pirate Ship,1264,119.99,Retail
607,Playroom,17,14.99,Retail
608,Plo Koon's Jedi Starfighter Microfighter,89,14.99,Retail
609,Pohatu - Master of Stone,66,14.99,Retail
610,Pohatu - Uniter of Stone,90,14.99,Retail
611,Polar Explorer,78,10,Retail - limited
612,Police 4WD and Undercover Van,154,15,Retail
613,Police Dog Unit,96,12.99,Retail
614,Police Patrol,15,14.99,Retail
615,Pop Star,7,1.99,Retail
616,Pop Star Recording Studio,172,14.99,Retail
617,Porsche 918 Spyder,151,14.99,Retail
618,Porsche 919 Hybrid,163,14.99,Retail
619,Power Boat,174,14.99,Retail
620,Power Pitstop,66,10,Retail - limited
621,Power Puller,979,100,Retail
622,Princess Castle & Royal Pets,787,129.99,Retail
623,Prisoner Transport,98,12.99,Retail
624,Puppy Parade,145,14.99,Retail
625,Quake Beast,102,14.99,Retail
626,Quality Quidditch Supplies,120,10,Retail
627,Queen Anne's Revenge,1097,119.99,Retail
628,Quidditch Practice,128,13,Retail
629,RC Race Buggy,283,130,Retail
630,ROCKA,55,12.99,Retail
631,ROCKA Stealth Machine,89,14.99,Retail
632,Race Plane,178,14.99,Retail
633,Race Rig,104,12.99,Retail
634,Racers Turbo Pack,86,10,Retail - limited
635,Rail and Road Service Truck,122,13,Retail - limited
636,Railway Express,665,130,Retail
637,Rainbow Jewellery Stand,213,14.99,Retail
638,Rainforest Animals,215,14.99,Retail
639,Rally Car,13,14.99,Retail
640,Rambi the Rhino,106,10.99,Retail
641,Ramp Crash,145,14.99,Retail
642,Ramses Return,99,14.99,Retail
643,Raptor & Titanosaurus Tracking Mission,582,109.99,Retail
644,Raw-Jaw,52,12.99,Retail
645,Razcal's Glider,109,11.99,Retail
646,Rebel A-wing Starfighter,62,14.99,Retail
647,Rebel Alliance Battle Pack,101,12.99,Retail
648,Rebel Combat Frigate,936,109.99,Retail - limited
649,Rebel Snowspeeder,1457,130,Retail - limited
650,Rebel Trooper Battle Pack,120,14.99,Retail
651,Red,13,14.99,Retail
652,Red Creatures,221,14.99,Retail
653,Red Maniac,83,10,Retail
654,Red Rotors,145,14.99,Retail
655,Regular and Transparent Bricks,234,15,Retail
656,Repair Truck,118,12.99,Retail
657,Republic Attack Gunship,1034,119.99,Retail
658,Republic Frigate,1015,119.99,Retail
659,Republic Troopers vs. Sith Troopers,63,12.99,Retail
660,Rescue Bike,202,15,Retail
661,Resistance Bomber (standard pilot version),778,109.99,Retail
662,Resistance Trooper Battle Pack,112,12.99,Retail
663,Rex's Rexplorer!,1187,119.99,Retail
664,Ring of Fire,83,14.99,Retail
665,Ringmaster,6,1.99,Retail
666,Riverside Raid,88,11.99,Retail
667,Robo Platoon,218,10,Retail
668,Robot,6,1.99,Retail
669,Rocket Assembly & Transport,1055,149.99,Retail
670,Rocket Mech Armor,98,14.99,Retail
671,Rotor Rescue,149,12.99,Retail
672,Royal Roost,105,14.99,Retail
673,SPLITFACE,50,12.99,Retail
674,STORMER,69,12.99,Retail
675,STORMER Freeze Machine,88,14.99,Retail
676,SURGE,66,12.99,Retail
677,Salty the Dockyard Diesel,8,12.99,Retail
678,Samurai X Cave Chaos,1253,119.99,Retail - limited
679,Sandcrawler,1239,139.99,Retail
680,Scarecrow Fearful Face-off,141,14.99,Retail
681,Science Tower,1204,129.99,Retail - limited
682,Scorching Blades,77,12.99,Retail
683,Scorpion Attack,85,15,Retail
684,Scorpion Buggy,78,10,Retail
685,Scuderia Ferrari SF16-H,184,14.99,Retail
686,Seabed Scavenger,119,14.99,Retail
687,Seaplane,102,10.99,Retail
688,Seaside Harbour with Cargo Ship,1226,109.99,Retail
689,Secret Boxes,273,14.99,Retail
690,Security Smash,135,14.99,Retail
691,Senate Commando Troopers,106,12.99,Retail
692,Sensei Wu Fun Pack,58,14.99,Retail
693,Service Truck,1276,129.99,Retail
694,Shadow Troopers,95,12.99,Retail
695,Shanghai Surprise,102,12,Retail
696,Shark Skin,31,14.99,Retail - limited
697,Sherlock Holmes: Book Nook,1359,129.99,Retail - limited
698,Shipwreck Defense,84,12.99,Retail
699,Side Rider 55,111,10,Retail
700,Sith Troopers Battle Pack,105,14.99,Retail
701,Skateboard Street Park,69,10,Retail
702,Skater,8,1.99,Retail
703,Ski and Climbing Centre,1045,119.99,Retail
704,Skull Basher,72,14.99,Retail
705,Skull Scorpio,107,14.99,Retail
706,Skull Slicer,71,14.99,Retail
707,Skull Warrior,102,14.99,Retail
708,Skunk Attack,97,14.99,Retail
709,Sky Launch,115,12.99,Retail
710,Slammer G-Force,148,15,Retail
711,Slammer Raptor,144,10,Retail
712,Slammer Stunt Bike,152,15,Retail
713,Slave I - 20th Anniversary Edition,1007,119.99,Retail
714,Sleeping Beauty's Room,16,12.99,Retail
715,Sleeping Beauty's Royal Bedroom,96,12.99,Retail
716,Slimer Fun Pack,33,11.99,Retail
717,Slytherin,90,10,Retail
718,Snake Showdown,92,14.99,Retail
719,Snow Groomer,178,12.99,Retail
720,Snow Resort Off-Roader,141,14.99,Retail
721,Snow White's Cottage,28,14.99,Retail
722,Snow White's Forest Cottage,67,14.99,Retail
723,Snowboard Big Air Comp,82,15,Retail
724,Source Dragon of Motion,1716,149.99,Retail
725,Space Base and Rocket Launchpad,1422,134.99,Retail
726,Space Construction Mech,140,10.99,Retail
727,Space Port Value Pack,129,10,Retail - limited
728,Space Roller Coaster,874,109.99,Retail
729,Space Swarmer,86,11.99,Retail
730,Spaceman,9,1.99,Retail
731,Spaceport,586,119.99,Retail
732,Spartan Warrior,8,1.99,Retail
733,Speed Chasing,142,12.99,Retail
734,Speed Dragster,80,15,Retail
735,Speed Slammer Bike,126,10,Retail
736,Speed Wings,161,10,Retail
737,Speeder Bikes,93,10,Retail
738,Spider's Secret,128,12,Retail
739,Spider-Man Final Battle,900,109.99,Retail
740,Spider-Man Mech vs. Anti-Venom,107,14.99,Retail
741,Spider-Man Web-Bike Workshop,13,14.99,Retail
742,Spider-Man vs. Oscorp,808,139.99,Retail
743,Spider-Man's Street Chase,73,10,Retail
744,Spider-Man: Spider-Car Pursuit,55,12.99,Retail
745,Spider-Trike vs. Electro,70,12.99,Retail
746,Spidermonkey,21,14.99,Retail
747,Splash Koi Skin,33,14.99,Retail - limited
748,Springtime Animal Play Pack,382,15,Retail - limited
749,Stand with Lights,62,10,Retail
750,Star Wars Rebels Super Pack 2 in 1,1163,109.99,Retail - limited
751,Starfire Fun Pack,56,14.99,Retail
752,Statue of Liberty,1685,119.99,Retail - limited
753,Stay Puft Fun Pack,65,14.99,Retail
754,Stealth Hunter,164,14.99,Retail
755,Stephanie's Cool Convertible,130,14.99,Retail
756,Stephanie's Horse Carriage,58,12.99,Retail
757,Stephanie's Soccer Practice,119,14.99,Retail
758,Steve's Desert Expedition,75,10.99,Retail
759,Sting Striker,82,12.99,Retail
760,Storm Beast,109,14.99,Retail
761,Storming Enforcer,97,12.99,Retail
762,Stormtrooper Mech,138,15.99,Retail
763,Straight & Crossroad Plates,2,14.99,Retail
764,Straight & Curved Rails,16,15.99,Retail
765,Straight & T-Junction,2,14.99,Retail
766,Strainor's Saber Cycle,161,14.99,Retail
767,Street Speeder,165,12.99,Retail
768,Strong,91,12.99,Retail
769,Styracosaurus,19,10,Retail
770,Sunset Speeder,119,12.99,Retail
771,Super Car,1281,119.99,Retail
772,Super Mario World: Mario & Yoshi,1215,129.99,Retail
773,Super Racer,121,14.99,Retail
774,Super Soarer,130,14.99,Retail
775,Super Street Sensation,1437,130,Retail
776,Super Wrestler,5,1.99,Retail
777,Superman Fun Pack,48,14.99,Retail
778,Superman Mech vs. Lex Luthor,120,14.99,Retail
779,Superman: Metropolis Showdown,119,12.99,Retail
780,Supersonic RC,429,130,Retail
781,Surfer,6,1.99,Retail
782,Surfing Dogs and Scooter Adventure,113,14.99,Retail
783,Surprising Spider,153,12.99,Retail
784,Swamp Jump,91,14.99,Retail
785,Swampfire,22,14.99,Retail
786,Switch Tracks,8,15.99,Retail
787,Switching Tracks,8,15.99,Retail
788,T-16 Skyhopper,98,15,Retail
789,T-3 Trike,99,10,Retail
790,T-Junction & Curved Road Plates,2,14.99,Retail
791,THORNRAXX,44,12.99,Retail
792,TIE Fighter & X-wing Mash-up,1063,109.99,Retail
793,Taj Mahal,2022,119.99,Retail
794,Target Practice,101,14.99,Retail
795,Tatooine Battle Pack,97,14.99,Retail
796,Temple of the Golden Idol,1545,149.99,Retail
797,Thanos Mech Armor,113,14.99,Retail
798,The Batman Dragster: Catwoman Pursuit,92,10,Retail
799,The Battle of Helm's Deep,1368,129.99,Retail
800,The Bone Demon,1375,119.99,Retail
801,The Bowser Express Train,1392,119.99,Retail
802,The Final Challenge,60,10,Retail
803,The Fire Knight Mech,996,119.99,Retail
804,The Forbidden Forest,64,11.99,Retail
805,The Fortress,984,109.99,Retail
806,The Going Merry Pirate Ship,1376,139.99,Retail
807,The Great Fishing Boat,1609,129.99,Retail - limited
808,The Great Pyramid of Giza,1476,129.99,Retail
809,The Guardian Dragon,1650,149.99,Retail
810,The Hulk,39,14.99,Retail
811,The Illager Desert Patrol,105,14.99,Retail
812,The Iron Golem Fortress,868,109.99,Retail
813,The Joker,57,14.99,Retail
814,The Joker Balloon Escape,124,14.99,Retail
815,The Llama Village,1252,129.99,Retail
816,The Lonely Mountain,866,129.99,Retail
817,The Lord of the Rings: Balrog Book Nook,1201,129.99,Retail
818,The Malevolence,1101,119.99,Retail
819,The Mandalorian N-1 Starfighter Microfighter,88,15.99,Retail
820,The Melon Farm,69,14.99,Retail
821,The Mine,922,109.99,Retail - limited
822,The Modern Treehouse,909,119.99,Retail
823,The Mummy,90,11.99,Retail
824,The Nether Fight,84,14.99,Retail
825,The Ocean Monument,1122,119.99,Retail
826,The Office,1164,119.99,Retail - limited
827,The Onyx Cinder,1325,139.99,Retail
828,The Pirate Ship Voyage,166,14.99,Retail
829,The Princess Play Castle,150,14.99,Retail
830,The Razor Crest,1023,139.99,Retail
831,The Rexcelsior!,1826,149.99,Retail
832,The Rolling Stones,1998,149.99,Retail - limited
833,The Samurai Mech,154,14.99,Retail
834,The Ultimate Batmobile,1456,139.99,Retail
835,The Wizard Battle,113,12.99,Retail
836,Thunder,47,12.99,Retail
837,Thunder Fury,197,15,Retail
838,Thunder Raceway,160,14.99,Retail
839,Tina Goldstein Fun Pack,51,11.99,Retail
840,Tiny Accessories Store,129,10.99,Retail
841,Toby at Wellsworth Station,18,15,Retail
842,Toddler Build and Play Cubes,17,12.99,Retail
843,Toddler Build and Pull Along,15,14.99,Retail
844,Toruk Makto & Tree of Souls,1212,149.99,Retail
845,Tow Truck,1877,119.99,Retail
846,Tow Truck,129,12.99,Retail
847,Tower Crane & Construction,123,129.99,Retail
848,Tower Target,92,14.99,Retail
849,Town Square,914,119.99,Retail
850,Tracer vs. Widowmaker,129,14.99,Retail
851,Tractor,78,12.99,Retail
852,Traffic Cop,8,1.99,Retail
853,Tranquil Garden,1363,109.99,Retail
854,Tribal Hunter,9,1.99,Retail
855,Triwizard Tournament: The Arrival,1229,139.99,Retail
856,Troll on the Loose,71,10,Retail
857,Trotting Lantern,1295,129.99,Retail
858,Truck,16,14.99,Retail - limited
859,Tusken Raider Encounter,93,10,Retail
860,Twin-Pod Cloud Car,118,10,Retail
861,Twin-rotor Helicopter,145,12.99,Retail
862,Tygurah's Roar,94,10,Retail
863,Tyrannosaurus Rex,23,10,Retail
864,Ultimate Defense,82,15,Retail
865,Unikitty Fun Pack,57,14.99,Retail
866,Urban Avenger vs. Raptor,87,10,Retail - limited
867,Utapau Troopers,83,12.99,Retail
868,V-wing Fighter,118,10,Retail
869,VOLTIX,61,12.99,Retail
870,VTOL Heavy Cargo Spaceship LT81,1365,109.99,Retail
871,Vampire,7,1.99,Retail
872,Venom Mech Armor vs. Miles Morales,134,14.99,Retail
873,Vicious Viper,96,12.99,Retail
874,Viking Boat against the Wyvern Dragon,112,10,Retail - limited
875,Viking Ship and the Midgard Serpent,1192,119.99,Retail
876,Viking Village,2103,129.99,Retail - limited
877,Villain Icons,1540,129.99,Retail
878,Vintage Motorcycle,128,14.99,Retail
879,Vision Command,138,100,Retail
880,Visitor Centre: T. rex & Raptor Attack,693,129.99,Retail
881,Volcano Exploration Base,824,119.99,Retail
882,Volcano Heavy-Lift Helicopter,1277,149.99,Retail - limited
883,Volvo Concept Wheel Loader ZEUX,1167,139.99,Retail
884,Volvo EW160E,1166,119.99,Retail
885,Volvo L120 Electric Wheel Loader,973,119.99,Retail
886,Wake Rider,93,13,Retail
887,War Machine Mech Armor,154,14.99,Retail
888,Waspix,48,12.99,Retail
889,Web Dash,78,12.99,Retail
890,Wedding Bride,306,12.99,Retail - limited
891,Wedding Groom,255,12.99,Retail - limited
892,Weightlifter,8,1.99,Retail
893,Werewolf Ambush,117,10,Retail
894,Wheel Loader,81,14.99,Retail
895,Wheels and Tyres,106,12.99,Retail
896,Whirling Vines,77,14.99,Retail
897,Wicked Witch Fun Pack,38,14.99,Retail
898,Wild Animals of the World,143,129.99,Retail
899,Wild Lion,224,14.99,Retail
900,Wild West Saloon,1496,149.99,Retail - limited
901,Williams F1 Team Racer,1484,129.99,Retail
902,Williams F1 Team Racer,98,13,Retail
903,Wind-Up Motor,41,10,Retail
904,Witch,6,1.99,Retail
905,Witch-king Battle,101,14.99,Retail
906,Wolf Mask Shadow Dojo,1190,119.99,Retail
907,Wonder Woman Fun Pack,41,14.99,Retail
908,World of Bricks,500,10,Retail
909,Wyldstyle,134,14.99,Retail - limited
910,XL Idea Bucket,78,15,Retail - limited
911,XPlode,45,12.99,Retail
912,Yeti's Hideout,107,10,Retail
913,Yoshi Bike,133,14.99,Retail
914,Young Dragon Riyu,132,15.99,Retail
915,Young Simba the Lion King,1445,129.99,Retail
916,Zane - Dragon Master,92,14.99,Retail
917,Zane Fun Pack,45,14.99,Retail
918,Zero Tornado & Hot Rock,71,10,Retail
919,Zombie,6,1.99,Retail
920,Zonic Strike,107,15,Retail
